date,artist,album,year
"Saturday Aug 1, 2026 5:00 PM","The Beatles","Revolver",1966
"Saturday Aug 1, 2026 6:00 PM","Pink Floyd","Dark Side of The Moon",1973
"Saturday Aug 1, 2026 7:30 PM","Tori Amos","Little Earthquakes",1992
"Saturday Aug 1, 2026 9:00 PM","St. Germain","Tourist",2000
"Tuesday Aug 4, 2026 5:00 PM","The Who","Who's Next",1971
"Tuesday Aug 4, 2026 7:00 PM","Wire","Pink Flag",1977
"Tuesday Aug 4, 2026 9:00 PM","KISS","Alive",1975
"Wednesday Aug 5, 2026 6:00 PM","Richard Strauss, Chicago Symphony Orchestra, Fritz Reiner","Also Sprach Zarathustra",1954
"Wednesday Aug 5, 2026 8:00 PM","Loscil","Lake Fire",2021
"Thursday Aug 6, 2026 5:00 PM","John Coltrane","My Favorite Things",1961
"Thursday Aug 6, 2026 6:00 PM","Beastie Boys","The In Sound From Way Out",1996
"Thursday Aug 6, 2026 7:30 PM","Ryuichi Sakamoto","Beauty",1989
"Thursday Aug 6, 2026 9:00 PM","Khruangbin and Leon Bridges","Texas Sun/Texas Moon",2020
"Friday Aug 7, 2026 5:00 PM","Steely Dan","Aja",1977
"Friday Aug 7, 2026 6:00 PM","Wolf Alice","Blue Weekend",2021
"Friday Aug 7, 2026 7:30 PM","Jack White","Frozen Charlotte",2024
"Friday Aug 7, 2026 9:00 PM","Solange","A Seat at the Table",2016
"Saturday Aug 8, 2026 5:00 PM","Cigarettes After Sex","Cigarettes After Sex",2017
"Saturday Aug 8, 2026 6:00 PM","Fleetwood Mac","Rumours",1977
"Saturday Aug 8, 2026 7:30 PM","Nas","Illmatic",1994
"Saturday Aug 8, 2026 9:00 PM","Mac Miller","Watching Movies With The Sound Off",2013
"Tuesday Aug 11, 2026 5:00 PM","The Beatles","Let It Be",1970
"Tuesday Aug 11, 2026 9:00 PM","Tom Petty","Wildflowers",1994
"Wednesday Aug 12, 2026 6:00 PM","Kamasi Washington","The Epic Volume II",2015
"Wednesday Aug 12, 2026 8:00 PM","Jungle","Sunshine",2023
"Thursday Aug 13, 2026 5:00 PM","Billie Holiday","Lady in Satin",1958
"Thursday Aug 13, 2026 6:00 PM","Thundercat","Drunk",2017
"Thursday Aug 13, 2026 7:30 PM","Lana Del Rey","Norman Fucking Rockwell",2019
"Thursday Aug 13, 2026 9:00 PM","Digable Planets","Blowout Comb",1994
"Friday Aug 14, 2026 5:00 PM","Howlin' Wolf","The Real Folk Blues",1966
"Friday Aug 14, 2026 6:00 PM","Jeff Buckley","Grace",1994
"Friday Aug 14, 2026 7:30 PM","Eden","Dark",2023
"Friday Aug 14, 2026 9:00 PM","Tame Impala","Currents",2015
"Saturday Aug 15, 2026 5:00 PM","Ray Charles","Modern Sounds In Country And Western Music",1962
"Saturday Aug 15, 2026 6:00 PM","Kendrick Lamar","Good Kid, M.A.A.D. City",2012
"Saturday Aug 15, 2026 7:30 PM","Portishead","Dummy",1994
"Saturday Aug 15, 2026 9:00 PM","Madonna","Confessions II",2025
"Tuesday Aug 18, 2026 5:00 PM","Metallica","Ride The Lightning",1984
"Tuesday Aug 18, 2026 7:00 PM","Van Halen","Van Halen",1978
"Tuesday Aug 18, 2026 9:00 PM","The Who","Live at Leeds",1970
"Wednesday Aug 19, 2026 6:00 PM","King Gizzard and the Lizard Wizard","Omnium Gatherum",2022
"Wednesday Aug 19, 2026 8:00 PM","Daft Punk","Random Access Memories",2013
"Thursday Aug 20, 2026 5:00 PM","Nina Simone","Silk and Soul",1967
"Thursday Aug 20, 2026 6:00 PM","American Football","American Football",1999
"Thursday Aug 20, 2026 7:30 PM","Oklou","Choke Enough",2023
"Thursday Aug 20, 2026 9:00 PM","Olivia Dean","The Art of Loving",2025
"Friday Aug 21, 2026 5:00 PM","Miles Davis","Kind of Blue",1959
"Friday Aug 21, 2026 6:00 PM","Marvin Gaye","What's Going On",1971
"Friday Aug 21, 2026 7:30 PM","SZA","Ctrl",2017
"Friday Aug 21, 2026 9:00 PM","Raye","This Music May Contain Hope",2025
"Saturday Aug 22, 2026 5:00 PM","Cocteau Twins","Heaven or Las Vegas",1990
"Saturday Aug 22, 2026 6:00 PM","Lauryn Hill","The Miseducation of Lauryn Hill",1998
"Saturday Aug 22, 2026 7:30 PM","Julia Wolf","PRESSURE",2024
"Saturday Aug 22, 2026 9:00 PM","D'Angelo","Voodoo",2000
"Tuesday Aug 25, 2026 5:00 PM","Sam Cooke","Night Beat",1963
"Tuesday Aug 25, 2026 7:00 PM","Peter Gabriel","So",1986
"Tuesday Aug 25, 2026 9:00 PM","Nirvana","In Utero",1993
"Wednesday Aug 26, 2026 5:00 PM","The Beatles","Let It Be",1970
"Wednesday Aug 26, 2026 7:30 PM","Philip Glass","Glassworks",1982
"Wednesday Aug 26, 2026 9:00 PM","Mike D","Thank You",2025
"Thursday Aug 27, 2026 5:00 PM","Herbie Hancock","Mwandishi",1971
"Thursday Aug 27, 2026 6:00 PM","Massive Attack","Mezzanine",1998
"Thursday Aug 27, 2026 7:30 PM","A Tribe Called Quest","The Low End Theory",1991
"Thursday Aug 27, 2026 9:00 PM","Prince","Purple Rain",1984
"Friday Aug 28, 2026 5:00 PM","Sonny Rollins","Way Out West",1957
"Friday Aug 28, 2026 6:00 PM","Tatsuro Yamashita","For You",1982
"Friday Aug 28, 2026 7:30 PM","Frank Ocean","Channel Orange",2012
"Friday Aug 28, 2026 9:00 PM","U2","The Unforgettable Fire",1984
"Saturday Aug 29, 2026 5:00 PM","Stevie Wonder","Talking Book",1972
"Saturday Aug 29, 2026 6:00 PM","Gorillaz","The Mountain",2025
"Saturday Aug 29, 2026 7:30 PM","DJ Shadow","Endtroducing",1996
"Saturday Aug 29, 2026 9:00 PM","Daft Punk","Discovery",2001
